Node,Name,Label
1,tt1,Movie
2,tt2,Movie
3,tt3,Movie
4,tt4,Movie
5,tt5,Movie
6,tt6,Movie
7,tt7,Movie
8,tt8,Movie
9,tt9,Movie
10,tt10,Movie
11,tt11,Movie
12,tt12,Movie
13,tt13,Movie
14,tt14,Movie
15,tt15,Movie
16,tt16,Movie
17,tt17,Movie
18,tt18,Movie
19,tt19,Movie
20,tt20,Movie
21,tt21,Movie
22,tt22,Movie
23,tt23,Movie
24,tt24,Movie
25,tt25,Movie
26,tt26,Movie
27,tt27,Movie
28,tt28,Movie
29,tt29,Movie
30,tt30,Movie
31,tt31,Movie
32,tt32,Movie
33,tt33,Movie
34,tt34,Movie
35,tt35,Movie
36,tt36,Movie
37,tt37,Movie
38,tt38,Movie
39,tt39,Movie
40,tt40,Movie
41,tt41,Movie
42,tt42,Movie
43,tt43,Movie
44,tt44,Movie
45,tt45,Movie
46,tt46,Movie
47,tt47,Movie
48,tt48,Movie
49,tt49,Movie
50,tt50,Movie
51,tt51,Movie
52,tt52,Movie
53,tt53,Movie
54,tt54,Movie
55,tt55,Movie
56,tt56,Movie
57,tt57,Movie
58,tt58,Movie
59,tt59,Movie
60,tt60,Movie
61,tt61,Movie
62,tt62,Movie
63,tt63,Movie
64,tt64,Movie
65,tt65,Movie
66,tt66,Movie
67,tt67,Movie
68,tt68,Movie
69,tt69,Movie
70,tt70,Movie
71,tt71,Movie
72,tt72,Movie
73,tt73,Movie
74,tt74,Movie
75,tt75,Movie
76,tt76,Movie
77,tt77,Movie
78,tt78,Movie
79,tt79,Movie
80,tt80,Movie
81,tt81,Movie
82,tt82,Movie
83,tt83,Movie
84,tt84,Movie
85,tt85,Movie
86,tt86,Movie
87,tt87,Movie
88,tt88,Movie
89,tt89,Movie
90,tt90,Movie
91,tt91,Movie
92,tt92,Movie
93,tt93,Movie
94,tt94,Movie
95,tt95,Movie
96,tt96,Movie
97,tt97,Movie
98,tt98,Movie
99,tt99,Movie
100,tt100,Movie
